javascript:S6853,renderer/screens/PromptTemplates.jsx,124,A form label must be associated with a control.
javascript:S6853,renderer/screens/PromptTemplates.jsx,135,A form label must be associated with a control.
javascript:S6853,renderer/screens/Accounts.jsx,316,A form label must be associated with a control.
javascript:S6853,renderer/screens/Accounts.jsx,421,A form label must be associated with a control.
javascript:S6853,renderer/screens/Accounts.jsx,507,A form label must be associated with a control.
javascript:S6853,renderer/screens/Accounts.jsx,293,A form label must be associated with a control.
javascript:S6853,renderer/screens/Accounts.jsx,301,A form label must be associated with a control.
javascript:S6853,renderer/screens/Accounts.jsx,399,A form label must be associated with a control.
javascript:S6853,renderer/screens/Accounts.jsx,407,A form label must be associated with a control.
javascript:S6853,renderer/screens/Accounts.jsx,476,A form label must be associated with a control.
javascript:S6853,renderer/screens/Accounts.jsx,484,A form label must be associated with a control.
javascript:S6853,renderer/screens/Accounts.jsx,498,A form label must be associated with a control.
javascript:S6853,renderer/screens/BrowserAutomation.jsx,109,A form label must be associated with a control.
javascript:S6853,renderer/screens/BrowserAutomation.jsx,123,A form label must be associated with a control.
javascript:S6853,renderer/screens/BrowserAutomation.jsx,171,A form label must be associated with a control.
javascript:S6853,renderer/screens/RobotFramework.jsx,183,A form label must be associated with a control.
javascript:S6853,renderer/screens/Settings.jsx,16,A form label must be associated with a control.